Workbook

Sheet meta data
A2: Data are collected annually through the School census exercise.
A3: This takes place in early October, when each school is required to submit a return detailing information about the numbers of pupils on their register.
A4: In 2023/24, the school census date was 6th October. Figures in these tables are a snapshot of the situation in schools at that time.
A5: Among the information collected are details on: year group, gender, age, religion, ethnicity, Special Educational Needs and free school meal entitlement.
A6: Statistics produced from the school census exercise qualify as National Statistics.
A8: Data in this spreadsheet has been impacted by industrial action, due to ongoing Action Short of Strike (ASOS).
A9: Although data has been received from all schools, for 25% of schools (primary, post primary and special schools) pupil level information has not been received in electronic format.
A10: For those schools refusing to submit electronically, a paper return was received. The result of this is that the Department has either been unable to obtain all the information usually
A11: received via electronic census returns, for example religion and sex, and it has not been possible to fully undertake normal validation processes. Some validations have been
A12: impossible due to a lack of pupil level information. Further information can be found in the notes section of our bulletin (https://www.education-ni.gov.uk/publications/annual-enrolments-schools-and-funded-pre-school-education-northern-ireland-202324)
A14: Specialist Provision
A15: Specialist Provisions (previously known as ‘Learning Support Centres’) refers to classes/units in mainstream primary and post primary schools that have been approved by the Education Authority
... A35: Key
A36: * | B36: refers to less than five cases where data is considered sensitive.
A37: # | B37: means figure has been supressed under rules of disclosure.
A39: Enquiries relating to information collected in the school census in Northern Ireland
A40: should be addressed to:
A42: Statistics and Research Team
A43: Department of Education,
A44: Rathgael House,
A45: Balloo Road,
A46: Bangor,
A47: Co. Down
A48: BT19 7PR.
A50: Telephone: 028 9127 9707
A52: email: | B52: census@education-ni.gov.uk

Sheet reference data
A1: Data on Pupils attending primary schools in Northern Ireland 2023/24: reference data
A4: De ref | B4: school name | C4: address 1 | D4: town | E4: postcode | F4: school type | G4: management type | H4: constituency | I4: district council (2014) | J4: ward (2014) | K4: DEA (2014) | L4: Urban/ Rural | M4: Irish Medium School
A5: 1010012 | B5: Belmont Primary School, Belfast | C5: Belmont Road | D5: Belfast | E5: BT4 2AG | F5: Primary | G5: Controlled | H5: Belfast East | I5: Belfast | J5: Knock | K5: Ormiston | L5: URBAN | M5: No
A6: 1010063 | B6: Currie Primary School, Belfast | C6: 111-113 Limestone Road | D6: Belfast | E6: BT15 3AB | F6: Primary | G6: Controlled | H6: Belfast North | I6: Belfast | J6: Duncairn | K6: Castle | L6: URBAN | M6: No
A7: 1010146 | B7: Euston Street Primary School, Belfast | C7: Euston Street | D7: Belfast | E7: BT6 9AG | F7: Primary | G7: Controlled | H7: Belfast East | I7: Belfast | J7: Beersbridge | K7: Titanic | L7: URBAN | M7: No
A8: 1010157 | B8: Rosetta Primary School | C8: 21-23 Knockbreda Road | D8: Belfast | E8: BT6 0JA | F8: Primary | G8: Controlled | H8: Belfast South | I8: Belfast | J8: Rosetta | K8: Lisnasharragh | L8: URBAN | M8: No
A9: 1010205 | B9: Forth River Primary School, Belfast | C9: Cairnmartin Road | D9: Belfast | E9: BT13 3PQ | F9: Primary | G9: Controlled | H9: Belfast West | I9: Belfast | J9: Forth River | K9: Court | L9: URBAN | M9: No
A10: 1010221 | B10: Springfield Primary School, Belfast | C10: Springfield Road | D10: Belfast | E10: BT12 7DJ | F10: Primary | G10: Controlled | H10: Belfast West | I10: Belfast | J10: Ballygomartin | K10: Court | L10: URBAN | M10: No
A11: 1010252 | B11: Strandtown Primary School, Belfast | C11: North Road | D11: Belfast | E11: BT4 3DJ | F11: Primary | G11: Controlled | H11: Belfast East | I11: Belfast | J11: Knock | K11: Ormiston | L11: URBAN | M11: No
A12: 1010255 | B12: Elmgrove Primary School, Belfast | C12: Beersbridge Road | D12: Belfast | E12: BT5 4RS | F12: Primary | G12: Controlled | H12: Belfast East | I12: Belfast | J12: Beersbridge | K12: Titanic | L12: URBAN | M12: No
A13: 1010266 | B13: Seaview Primary School, Belfast | C13: Seaview Drive | D13: Belfast | E13: BT15 3NB | F13: Primary | G13: Controlled | H13: Belfast North | I13: Belfast | J13: Fortwilliam | K13: Castle | L13: URBAN | M13: No
A14: 1010267 | B14: Nettlefield Primary School, Belfast | C14: Radnor Street | D14: Belfast | E14: BT6 8BG | F14: Primary | G14: Controlled | H14: Belfast South | I14: Belfast | J14: Woodstock | K14: Titanic | L14: URBAN | M14: No
A15: 1010273 | B15: Orangefield Primary School, Belfast | C15: Cameronian Drive | D15: Belfast | E15: BT5 6BA | F15: Primary | G15: Controlled | H15: Belfast East | I15: Belfast | J15: Orangefield | K15: Lisnasharragh | L15: URBAN | M15: No
A16: 1010282 | B16: Carr's Glen Primary School, Belfast | C16: Oldpark Road | D16: Belfast | E16: BT14 6QX | F16: Primary | G16: Controlled | H16: Belfast North | I16: Belfast | J16: Ballysillan | K16: Oldpark | L16: URBAN | M16: No
... A791: 5620263 | B791: Armagh Royal Preparatory Department | C791: College Hill | D791: Armagh | E791: BT61 9DG | F791: Prep Department | G791: Voluntary | H791: Newry And Armagh | I791: Armagh City, Banbridge and Craigavon | J791: The Mall | K791: Armagh | L791: URBAN | M791: No

Sheet Enrolments
A1: Data on Pupils1,2 attending primary schools in Northern Ireland 2023/24: enrolment data
C3: Total enrolment
A4: DE ref | B4: school name | C4: nursery full-time | D4: nursery part-time | E4: reception pupils | F4: year 1 | G4: year 2 | H4: year 3 | I4: year 4 | J4: year 5 | K4: year 6 | L4: year 7 | M4: total enrolment
A5: 1010012 | B5: Belmont Primary School, Belfast | C5: 0 | D5: 0 | E5: 0 | F5: 83 | G5: 80 | H5: 82 | I5: 0 | J5: 0 | K5: 0 | L5: 0 | M5: 245
A6: 1010063 | B6: Currie Primary School, Belfast | C6: 0 | D6: 21 | E6: 0 | F6: 24 | G6: 19 | H6: 25 | I6: 28 | J6: 29 | K6: 22 | L6: 24 | M6: 192
A7: 1010146 | B7: Euston Street Primary School, Belfast | C7: 52 | D7: 0 | E7: 0 | F7: 41 | G7: 48 | H7: 51 | I7: 43 | J7: 42 | K7: 45 | L7: 41 | M7: 363
A8: 1010157 | B8: Rosetta Primary School | C8: 27 | D8: 0 | E8: 0 | F8: 40 | G8: 34 | H8: 54 | I8: 38 | J8: 36 | K8: 42 | L8: 39 | M8: 310
A9: 1010205 | B9: Forth River Primary School, Belfast | C9: 0 | D9: 0 | E9: 0 | F9: 31 | G9: 30 | H9: 30 | I9: 30 | J9: 31 | K9: 30 | L9: 30 | M9: 212
A10: 1010221 | B10: Springfield Primary School, Belfast | C10: 0 | D10: 0 | E10: 0 | F10: 26 | G10: 26 | H10: 25 | I10: 23 | J10: 24 | K10: 28 | L10: 25 | M10: 177
A11: 1010252 | B11: Strandtown Primary School, Belfast | C11: 0 | D11: 0 | E11: 0 | F11: 0 | G11: 0 | H11: 0 | I11: 249 | J11: 241 | K11: 250 | L11: 239 | M11: 979
A12: 1010255 | B12: Elmgrove Primary School, Belfast | C12: 52 | D12: 0 | E12: 0 | F12: 75 | G12: 77 | H12: 75 | I12: 72 | J12: 75 | K12: 90 | L12: 96 | M12: 612
A13: 1010266 | B13: Seaview Primary School, Belfast | C13: 52 | D13: 0 | E13: 0 | F13: 50 | G13: 49 | H13: 63 | I13: 59 | J13: 57 | K13: 62 | L13: 56 | M13: 448
A14: 1010267 | B14: Nettlefield Primary School, Belfast | C14: 52 | D14: 0 | E14: 0 | F14: 53 | G14: 49 | H14: 56 | I14: 54 | J14: 49 | K14: 52 | L14: 48 | M14: 413
A15: 1010273 | B15: Orangefield Primary School, Belfast | C15: 52 | D15: 0 | E15: 0 | F15: 58 | G15: 50 | H15: 60 | I15: 56 | J15: 62 | K15: 62 | L15: 60 | M15: 460
A16: 1010282 | B16: Carr's Glen Primary School, Belfast | C16: 0 | D16: 25 | E16: 0 | F16: 39 | G16: 29 | H16: 55 | I16: 40 | J16: 49 | K16: 52 | L16: 51 | M16: 340
... A791: 5620263 | B791: Armagh Royal Preparatory Department | C791: 0 | D791: 0 | E791: 0 | F791: 6 | G791: 2 | H791: 6 | I791: 0 | J791: 3 | K791: 4 | L791: 9 | M791: 30
A796: Source: NI school census
A798: Notes:
A799: Data is based on pupils enrolled on Census day i.e. The Friday of the first full week in October (In 2022/23 this was the 7 October 2022)
A801: 1. Includes pupils in nursery, reception and year 1 - year 7 classes where applicable.
A802: 2. Includes pupils enrolled in nursery settings that are not part of PSEP but rather are in Specialist Provision for preschool aged children (https://www.nidirect.gov.uk/articles/pre-school-education-places).
A803: Two of these settings have an additional nursery setting which is part of PSEP (4016002 Kilcooley PS Bangor, and 5011190 Tullygally PS Craigavon),
A804: while 4 have no other nursery provision (4033040 St Brigid's PS Bangor, 4036113 St Nicholas' PS Downpatrick, 5036047 St Patrick's PS Annaghmore, and 5036706 St Columban's PS Kilkeel)

Sheet Specialist Provision
A1: Data on Pupils1,2 attending primary schools in Northern Ireland 2023/24: Specialist Provison in Mainstream
A4: DE ref | B4: school name | C4: Nursery | D4: Years 1-7 (incl Reception)
A5: 1010012 | B5: Belmont Primary School, Belfast | C5: 0 | D5: 0
A6: 1010063 | B6: Currie Primary School, Belfast | C6: 0 | D6: 9
A7: 1010146 | B7: Euston Street Primary School, Belfast | C7: 0 | D7: 0
A8: 1010157 | B8: Rosetta Primary School | C8: 0 | D8: 0
A9: 1010205 | B9: Forth River Primary School, Belfast | C9: 0 | D9: 0
A10: 1010221 | B10: Springfield Primary School, Belfast | C10: 0 | D10: 0
A11: 1010252 | B11: Strandtown Primary School, Belfast | C11: 0 | D11: 0
A12: 1010255 | B12: Elmgrove Primary School, Belfast | C12: 0 | D12: 35
A13: 1010266 | B13: Seaview Primary School, Belfast | C13: 0 | D13: 8
A14: 1010267 | B14: Nettlefield Primary School, Belfast | C14: 0 | D14: 0
A15: 1010273 | B15: Orangefield Primary School, Belfast | C15: 0 | D15: 0
A16: 1010282 | B16: Carr's Glen Primary School, Belfast | C16: 0 | D16: 0
... A791: 5620263 | B791: Armagh Royal Preparatory Department | C791: 0 | D791: 0
A796: Source: NI school census
A798: Notes:
A799: Data is based on pupils enrolled on Census day i.e. The Friday of the first full week in October (In 2022/23 this was the 7 October 2022)
A801: 1. Includes pupils in nursery, reception and year 1 - year 7 classes where applicable.
A802: 2. Includes pupils enrolled in nursery settings that are not part of PSEP but rather are in Specialist Provision for preschool aged children (https://www.nidirect.gov.uk/articles/pre-school-education-places).
A803: Two of these settings have an additional nursery setting which is part of PSEP (4016002 Kilcooley PS Bangor, and 5011190 Tullygally PS Craigavon),
A804: while 4 have no other nursery provision (4033040 St Brigid's PS Bangor, 4036113 St Nicholas' PS Downpatrick, 5036047 St Patrick's PS Annaghmore, and 5036706 St Columban's PS Kilkeel)

Sheet Sex
A1: Data on Pupils1 attending primary schools in Northern Ireland 2023/24: sex data
A2: Note: Data is not available for all schools due to ASOS (see meta data)
A4: DE ref | B4: Schoolname | C4: male | D4: female | E4: total pupils
A5: 1010012 | B5: Belmont Primary School, Belfast | C5: N/A | D5: N/A | E5: 245
A6: 1010063 | B6: Currie Primary School, Belfast | C6: N/A | D6: N/A | E6: 192
A7: 1010146 | B7: Euston Street Primary School, Belfast | C7: N/A | D7: N/A | E7: 363
A8: 1010157 | B8: Rosetta Primary School | C8: N/A | D8: N/A | E8: 310
A9: 1010205 | B9: Forth River Primary School, Belfast | C9: 92 | D9: 120 | E9: 212
A10: 1010221 | B10: Springfield Primary School, Belfast | C10: 79 | D10: 98 | E10: 177
A11: 1010252 | B11: Strandtown Primary School, Belfast | C11: N/A | D11: N/A | E11: 979
A12: 1010255 | B12: Elmgrove Primary School, Belfast | C12: N/A | D12: N/A | E12: 612
A13: 1010266 | B13: Seaview Primary School, Belfast | C13: 216 | D13: 232 | E13: 448
A14: 1010267 | B14: Nettlefield Primary School, Belfast | C14: N/A | D14: N/A | E14: 413
A15: 1010273 | B15: Orangefield Primary School, Belfast | C15: N/A | D15: N/A | E15: 460
A16: 1010282 | B16: Carr's Glen Primary School, Belfast | C16: 174 | D16: 166 | E16: 340
A17: 1010301 | B17: Taughmonagh Primary School, Belfast | C17: 150 | D17: 114 | E17: 264
A18: 1010304 | B18: Greenwood Primary School, Belfast | C18: 134 | D18: 160 | E18: 294
A19: 1010307 | B19: Springhill Primary School, Belfast | C19: 95 | D19: 100 | E19: 195
A20: 1010323 | B20: Edenbrooke Primary School, Belfast | C20: N/A | D20: N/A | E20: 367
A21: 1010324 | B21: Stranmillis Primary School, Belfast | C21: N/A | D21: N/A | E21: 466
A22: 1010325 | B22: Ligoniel Primary School, Belfast | C22: 106 | D22: 91 | E22: 197
A23: 1010806 | B23: Finaghy Primary School, Belfast | C23: N/A | D23: N/A | E23: 383
A24: 1010831 | B24: Cavehill Primary School, Belfast | C24: 198 | D24: 204 | E24: 402
A25: 1013018 | B25: Knocknagoney Primary School, Belfast | C25: 127 | D25: 122 | E25: 249
A26: 1016059 | B26: Black Mountain Primary School, Belfast | C26: N/A | D26: N/A | E26: 182
A27: 1016060 | B27: Donegall Road Primary School, Belfast | C27: 110 | D27: 99 | E27: 209
A28: 1016076 | B28: Ballysillan Primary School | C28: N/A | D28: N/A | E28: 223
A29: 1016205 | B29: Fane Street Primary School, Belfast | C29: N/A | D29: N/A | E29: 309
A30: 1016207 | B30: Blythefield Primary School, Belfast | C30: 85 | D30: 107 | E30: 192
A31: 1016242 | B31: Dundela Infants Primary School, Belfast | C31: N/A | D31: N/A | E31: 282
A32: 1016485 | B32: Glenwood Primary School, Belfast | C32: N/A | D32: N/A | E32: 508
A33: 1016498 | B33: Malvern Primary School, Belfast | C33: 94 | D33: 70 | E33: 164
A34: 1016499 | B34: Botanic Primary School, Belfast | C34: N/A | D34: N/A | E34: 210
A35: 1016532 | B35: Wheatfield Primary School, Belfast | C35: N/A | D35: N/A | E35: 176
A36: 1016537 | B36: Lowwood Primary School, Belfast | C36: 139 | D36: 104 | E36: 243
A37: 1016604 | B37: Harmony Primary School, Belfast | C37: 114 | D37: 156 | E37: 270
A38: 1016647 | B38: Bunscoil Mhic Reachtain, Belfast | C38: 23 | D38: 27 | E38: 50
A39: 1016655 | B39: Victoria Park Primary School | C39: N/A | D39: N/A | E39: 373
A40: 1030194 | B40: Holy Cross Boys' Primary School, Belfast | C40: 397 | D40: 0 | E40: 397
A41: 1030313 | B41: Our Lady of Lourdes Primary School, Belfast | C41: N/A | D41: N/A | E41: 623
A42: 1030326 | B42: Our Lady's Primary School, Belfast | C42: N/A | D42: N/A | E42: 193
A43: 1030327 | B43: Holy Rosary Primary School, Belfast | C43: N/A | D43: N/A | E43: 470
A44: 1030331 | B44: Holy Cross Girls' Primary School, Belfast | C44: N/A | D44: N/A | E44: 192
A45: 1030868 | B45: St Anne's Primary School, Belfast | C45: 458 | D45: 429 | E45: 887
A46: 1036041 | B46: Mercy Primary School, Belfast | C46: N/A | D46: N/A | E46: 241
A47: 1036042 | B47: St Vincent de Paul Primary School | C47: N/A | D47: N/A | E47: 288
A48: 1036048 | B48: St Mary's Star of the Sea Primary School, Belfast | C48: 65 | D48: 73 | E48: 138
A49: 1036075 | B49: St Bride's Primary School, Belfast | C49: N/A | D49: N/A | E49: 838
A50: 1036132 | B50: St Therese of Lisieux Primary School, Belfast | C50: N/A | D50: N/A | E50: 424
A51: 1036140 | B51: St Michael's Primary School, Belfast | C51: 218 | D51: 199 | E51: 417
A52: 1036246 | B52: St Joseph's Primary School, Holland Dr | C52: N/A | D52: N/A | E52: 377
A53: 1036388 | B53: St Mary's Primary School, Belfast | C53: 60 | D53: 72 | E53: 132
A54: 1036466 | B54: St Malachy's Primary School, Belfast | C54: 181 | D54: 210 | E54: 391
A55: 1036471 | B55: Sacred Heart Primary School, Belfast | C55: N/A | D55: N/A | E55: 156
A56: 1036505 | B56: St Matthew's Primary School, Belfast | C56: 180 | D56: 166 | E56: 346
A57: 1036565 | B57: St Kevin's Primary School | C57: 261 | D57: 305 | E57: 566
A58: 1036566 | B58: Holy Family Primary School, Belfast | C58: N/A | D58: N/A | E58: 486
A59: 1036576 | B59: Holy Child Primary School, Belfast | C59: N/A | D59: N/A | E59: 457
A60: 1036589 | B60: St Teresa's Primary School, Belfast | C60: N/A | D60: N/A | E60: 610
A61: 1036602 | B61: St Oliver Plunkett Primary School, Belfast | C61: 315 | D61: 318 | E61: 633
A62: 1036620 | B62: St Peter's Primary School, Belfast | C62: 144 | D62: 139 | E62: 283
A63: 1036621 | B63: St Joseph's Primary School, Slate | C63: 146 | D63: 179 | E63: 325
A64: 1036623 | B64: Holy Trinity Primary School, Belfast | C64: 342 | D64: 303 | E64: 645
A65: 1036624 | B65: St Paul's Primary School, Belfast | C65: N/A | D65: N/A | E65: 336
A66: 1036630 | B66: St Clare's Primary School, Belfast | C66: 238 | D66: 222 | E66: 460
A67: 1036688 | B67: St John the Baptist Primary School, Belfast | C67: 204 | D67: 197 | E67: 401
A68: 1036697 | B68: John Paul II Primary School, Belfast | C68: 149 | D68: 170 | E68: 319
A69: 1036698 | B69: St Patrick's Primary School, Belfast | C69: 216 | D69: 212 | E69: 428
A70: 1046501 | B70: Bunscoil Phobal Feirste | C70: 227 | D70: 194 | E70: 421
A71: 1046571 | B71: Gaelscoil Na Bhfal, Belfast | C71: N/A | D71: N/A | E71: 216
A72: 1046593 | B72: Bunscoil an Tsleibhe Dhuibh, Belfast | C72: N/A | D72: N/A | E72: 220
A73: 1046596 | B73: Bunscoil Bheann Mhadagain | C73: 100 | D73: 99 | E73: 199
A74: 1046641 | B74: Scoil an Droichid, Belfast | C74: 90 | D74: 101 | E74: 191
A75: 1046671 | B75: Gaelscoil na Mona, Belfast | C75: N/A | D75: N/A | E75: 113
A76: 1046672 | B76: Gaelscoil an Lonnain, Belfast | C76: N/A | D76: N/A | E76: 46
A77: 1050232 | B77: Harding Memorial Integrated Primary School, Belfast | C77: 116 | D77: 102 | E77: 218
A78: 1056483 | B78: Cliftonville Integrated Primary School, Belfast | C78: N/A | D78: N/A | E78: 408
A79: 1056535 | B79: Forge Integrated Primary School, Belfast | C79: 206 | D79: 188 | E79: 394
A80: 1066531 | B80: Hazelwood Integrated Primary School, Newtownabbey | C80: N/A | D80: N/A | E80: 450
A81: 1066580 | B81: Cranmore Integrated Primary School, Belfast | C81: N/A | D81: N/A | E81: 233
A82: 1620020 | B82: Campbell College Junior School, Belfast | C82: 203 | D82: 0 | E82: 203
A83: 1620022 | B83: Fullerton House Preparatory School, Belfast | C83: 85 | D83: 57 | E83: 142
A84: 1620023 | B84: Downey House Preparatory School | C84: 23 | D84: 26 | E84: 49
A85: 1620027 | B85: Inchmarlo | C85: 110 | D85: 0 | E85: 110
A86: 1620028 | B86: Ben Madigan Preparatory School | C86: 62 | D86: 42 | E86: 104
A87: 1620089 | B87: Strathearn Preparatory School, Belfast | C87: 0 | D87: 131 | E87: 131
A88: 1620264 | B88: Victoria College Prep Department, Belfast | C88: 0 | D88: 136 | E88: 136
A89: 2010380 | B89: Londonderry Model Primary School | C89: N/A | D89: N/A | E89: 281
A90: 2010382 | B90: Ebrington Primary School | C90: N/A | D90: N/A | E90: 480
A91: 2011787 | B91: Kesh Primary School | C91: 115 | D91: 129 | E91: 244
A92: 2011789 | B92: Moat Primary School, Lisnaskea | C92: 70 | D92: 65 | E92: 135
A93: 2011860 | B93: Belleek No 2 Primary School | C93: 19 | D93: 13 | E93: 32
A94: 2011873 | B94: Aghadrumsee Primary School, Roslea | C94: 12 | D94: 19 | E94: 31
A95: 2011879 | B95: Newtownbutler Primary School | C95: 22 | D95: 8 | E95: 30
A96: 2011881 | B96: Florencecourt Primary School | C96: 72 | D96: 68 | E96: 140
A97: 2011893 | B97: Ballinamallard Primary School | C97: 78 | D97: 75 | E97: 153
A98: 2011894 | B98: Brookeborough Primary School | C98: 40 | D98: 24 | E98: 64
A99: 2011899 | B99: Derrygonnelly Primary School | C99: 31 | D99: 26 | E99: 57
A100: 2012052 | B100: Culmore Primary School | C100: N/A | D100: N/A | E100: 55
A101: 2012095 | B101: Ballougry Primary School | C101: N/A | D101: N/A | E101: 38
...

Sheet Free School Meals
A1: Data on Pupils attending primary schools in Northern Ireland 2023/24: free school meal entitlement (fsme)1
A3: DE ref | B3: School name | C3: total enrolment | D3: fsme | E3: % fsme
A4: 1010012 | B4: =_xlfn.XLOOKUP(A4,'reference data'!A:A,'reference data'!B:B) -> Belmont Primary School, Belfast | C4: 245 | D4: 17 | E4: 0.069387755
A5: 1010063 | B5: =_xlfn.XLOOKUP(A5,'reference data'!A:A,'reference data'!B:B) -> Currie Primary School, Belfast | C5: 192 | D5: 124 | E5: 0.64583333
A6: 1010146 | B6: =_xlfn.XLOOKUP(A6,'reference data'!A:A,'reference data'!B:B) -> Euston Street Primary School, Belfast | C6: 363 | D6: 190 | E6: 0.52341598
A7: 1010157 | B7: =_xlfn.XLOOKUP(A7,'reference data'!A:A,'reference data'!B:B) -> Rosetta Primary School | C7: 310 | D7: 78 | E7: 0.2516129
A8: 1010205 | B8: =_xlfn.XLOOKUP(A8,'reference data'!A:A,'reference data'!B:B) -> Forth River Primary School, Belfast | C8: 212 | D8: 109 | E8: 0.51415094
A9: 1010221 | B9: =_xlfn.XLOOKUP(A9,'reference data'!A:A,'reference data'!B:B) -> Springfield Primary School, Belfast | C9: 177 | D9: 89 | E9: 0.50282486
A10: 1010252 | B10: =_xlfn.XLOOKUP(A10,'reference data'!A:A,'reference data'!B:B) -> Strandtown Primary School, Belfast | C10: 979 | D10: 145 | E10: 0.14811032
A11: 1010255 | B11: =_xlfn.XLOOKUP(A11,'reference data'!A:A,'reference data'!B:B) -> Elmgrove Primary School, Belfast | C11: 612 | D11: 390 | E11: 0.6372549
A12: 1010266 | B12: =_xlfn.XLOOKUP(A12,'reference data'!A:A,'reference data'!B:B) -> Seaview Primary School, Belfast | C12: 448 | D12: 207 | E12: 0.46205357
A13: 1010267 | B13: =_xlfn.XLOOKUP(A13,'reference data'!A:A,'reference data'!B:B) -> Nettlefield Primary School, Belfast | C13: 413 | D13: 259 | E13: 0.62711864
A14: 1010273 | B14: =_xlfn.XLOOKUP(A14,'reference data'!A:A,'reference data'!B:B) -> Orangefield Primary School, Belfast | C14: 460 | D14: 106 | E14: 0.23043478
A15: 1010282 | B15: =_xlfn.XLOOKUP(A15,'reference data'!A:A,'reference data'!B:B) -> Carr's Glen Primary School, Belfast | C15: 340 | D15: 151 | E15: 0.44411765
... A80: 1066580 | B80: =_xlfn.XLOOKUP(A80,'reference data'!A:A,'reference data'!B:B) -> Cranmore Integrated Primary School, Belfast | C80: 233 | D80: 89 | E80: 0.38197425
A81: 1620020 | B81: =_xlfn.XLOOKUP(A81,'reference data'!A:A,'reference data'!B:B) -> Campbell College Junior School, Belfast | C81: 203 | D81: * | E81: *
A82: 1620022 | B82: =_xlfn.XLOOKUP(A82,'reference data'!A:A,'reference data'!B:B) -> Fullerton House Preparatory School, Belfast | C82: 142 | D82: * | E82: *
A83: 1620023 | B83: =_xlfn.XLOOKUP(A83,'reference data'!A:A,'reference data'!B:B) -> Downey House Preparatory School | C83: 49 | D83: 0 | E83: 0
A84: 1620027 | B84: =_xlfn.XLOOKUP(A84,'reference data'!A:A,'reference data'!B:B) -> Inchmarlo | C84: 110 | D84: * | E84: *
A85: 1620028 | B85: =_xlfn.XLOOKUP(A85,'reference data'!A:A,'reference data'!B:B) -> Ben Madigan Preparatory School | C85: 104 | D85: * | E85: *
A86: 1620089 | B86: =_xlfn.XLOOKUP(A86,'reference data'!A:A,'reference data'!B:B) -> Strathearn Preparatory School, Belfast | C86: 131 | D86: * | E86: *
A87: 1620264 | B87: =_xlfn.XLOOKUP(A87,'reference data'!A:A,'reference data'!B:B) -> Victoria College Prep Department, Belfast | C87: 136 | D87: 0 | E87: 0
A88: 2010380 | B88: =_xlfn.XLOOKUP(A88,'reference data'!A:A,'reference data'!B:B) -> Londonderry Model Primary School | C88: 281 | D88: 91 | E88: 0.32384342
A89: 2010382 | B89: =_xlfn.XLOOKUP(A89,'reference data'!A:A,'reference data'!B:B) -> Ebrington Primary School | C89: 480 | D89: 146 | E89: 0.30416667
A90: 2011787 | B90: =_xlfn.XLOOKUP(A90,'reference data'!A:A,'reference data'!B:B) -> Kesh Primary School | C90: 244 | D90: 48 | E90: 0.19672131
A91: 2011789 | B91: =_xlfn.XLOOKUP(A91,'reference data'!A:A,'reference data'!B:B) -> Moat Primary School, Lisnaskea | C91: 135 | D91: 22 | E91: 0.16296296
A92: 2011860 | B92: =_xlfn.XLOOKUP(A92,'reference data'!A:A,'reference data'!B:B) -> Belleek No 2 Primary School | C92: 32 | D92: 5 | E92: 0.15625
A93: 2011873 | B93: =_xlfn.XLOOKUP(A93,'reference data'!A:A,'reference data'!B:B) -> Aghadrumsee Primary School, Roslea | C93: 31 | D93: 9 | E93: 0.29032258
A94: 2011879 | B94: =_xlfn.XLOOKUP(A94,'reference data'!A:A,'reference data'!B:B) -> Newtownbutler Primary School | C94: 30 | D94: 12 | E94: 0.4
A95: 2011881 | B95: =_xlfn.XLOOKUP(A95,'reference data'!A:A,'reference data'!B:B) -> Florencecourt Primary School | C95: 140 | D95: 25 | E95: 0.17857143
A96: 2011893 | B96: =_xlfn.XLOOKUP(A96,'reference data'!A:A,'reference data'!B:B) -> Ballinamallard Primary School | C96: 153 | D96: 39 | E96: 0.25490196
A97: 2011894 | B97: =_xlfn.XLOOKUP(A97,'reference data'!A:A,'reference data'!B:B) -> Brookeborough Primary School | C97: 64 | D97: 18 | E97: 0.28125
A98: 2011899 | B98: =_xlfn.XLOOKUP(A98,'reference data'!A:A,'reference data'!B:B) -> Derrygonnelly Primary School | C98: 57 | D98: 14 | E98: 0.24561404
... A109: 2012660 | B109: =_xlfn.XLOOKUP(A109,'reference data'!A:A,'reference data'!B:B) -> Denamona Primary School, Fintona | C109: 78 | D109: 18 | E109: 0.23076923
A110: 2012669 | B110: =_xlfn.XLOOKUP(A110,'reference data'!A:A,'reference data'!B:B) -> Queen Elizabeth II Primary School, Kilskeery | C110: 38 | D110: * | E110: *
A111: 2012671 | B111: =_xlfn.XLOOKUP(A111,'reference data'!A:A,'reference data'!B:B) -> Langfield Primary School, Drumquin | C111: 18 | D111: 9 | E111: 0.5
A112: 2012691 | B112: =_xlfn.XLOOKUP(A112,'reference data'!A:A,'reference data'!B:B) -> Omagh County Primary School | C112: 376 | D112: 85 | E112: 0.22606383
A113: 2012707 | B113: =_xlfn.XLOOKUP(A113,'reference data'!A:A,'reference data'!B:B) -> Dromore Primary School, Tyrone | C113: 38 | D113: 11 | E113: 0.28947368
A114: 2012708 | B114: =_xlfn.XLOOKUP(A114,'reference data'!A:A,'reference data'!B:B) -> Strabane Primary School | C114: 272 | D114: 92 | E114: 0.33823529
A115: 2012711 | B115: =_xlfn.XLOOKUP(A115,'reference data'!A:A,'reference data'!B:B) -> Donemana Primary School, Strabane | C115: 101 | D115: 26 | E115: 0.25742574
A116: 2016003 | B116: =_xlfn.XLOOKUP(A116,'reference data'!A:A,'reference data'!B:B) -> Jones Memorial Primary School, Enniskillen | C116: 136 | D116: 55 | E116: 0.40441176
A117: 2016029 | B117: =_xlfn.XLOOKUP(A117,'reference data'!A:A,'reference data'!B:B) -> Drumachose Primary School, Limavady | C117: 410 | D117: 78 | E117: 0.1902439
A118: 2016068 | B118: =_xlfn.XLOOKUP(A118,'reference data'!A:A,'reference data'!B:B) -> Artigarvan Primary School, Strabane | C118: 170 | D118: 22 | E118: 0.12941176
A119: 2016071 | B119: =_xlfn.XLOOKUP(A119,'reference data'!A:A,'reference data'!B:B) -> Greenhaw Primary School | C119: 321 | D119: 164 | E119: 0.51090343
A120: 2016089 | B120: =_xlfn.XLOOKUP(A120,'reference data'!A:A,'reference data'!B:B) -> Gibson Primary School, Omagh | C120: 303 | D120: 75 | E120: 0.24752475
A121: 2016102 | B121: =_xlfn.XLOOKUP(A121,'reference data'!A:A,'reference data'!B:B) -> Tempo Primary School | C121: 84 | D121: 19 | E121: 0.22619048
A122: 2016124 | B122: =_xlfn.XLOOKUP(A122,'reference data'!A:A,'reference data'!B:B) -> Ashlea S, Tullyally | C122: 101 | D122: 44 | E122: 0.43564356
... A170: 2032685 | B170: =_xlfn.XLOOKUP(A170,'reference data'!A:A,'reference data'!B:B) -> St Brigid's Primary School, Cranagh | C170: 25 | D170: 5 | E170: 0.2
A171: 2032688 | B171: =_xlfn.XLOOKUP(A171,'reference data'!A:A,'reference data'!B:B) -> St Eugene's Primary School, Tircur | C171: 18 | D171: * | E171: *
A172: 2032694 | B172: =_xlfn.XLOOKUP(A172,'reference data'!A:A,'reference data'!B:B) -> St Caireall's Primary School, Castlederg | C172: 133 | D172: 28 | E172: 0.21052632
A173: 2032700 | B173: =_xlfn.XLOOKUP(A173,'reference data'!A:A,'reference data'!B:B) -> St Joseph's Primary School, Drumquin | C173: 144 | D173: 27 | E173: 0.1875
A174: 2032704 | B174: =_xlfn.XLOOKUP(A174,'reference data'!A:A,'reference data'!B:B) -> St Ronan's Primary School, Recarson | C174: 117 | D174: 16 | E174: 0.13675214
A175: 2032705 | B175: =_xlfn.XLOOKUP(A175,'reference data'!A:A,'reference data'!B:B) -> St Patrick's Primary School, Eskra | C175: 112 | D175: 10 | E175: 0.089285714
A176: 2032721 | B176: =_xlfn.XLOOKUP(A176,'reference data'!A:A,'reference data'!B:B) -> Sacred Heart Primary School, Tattyreagh | C176: 82 | D176: 8 | E176: 0.097560976
A177: 2032723 | B177: =_xlfn.XLOOKUP(A177,'reference data'!A:A,'reference data'!B:B) -> Roscavey Primary School, Beragh | C177: 53 | D177: 13 | E177: 0.24528302
A178: 2032730 | B178: =_xlfn.XLOOKUP(A178,'reference data'!A:A,'reference data'!B:B) -> St Columba's Primary School, Clady | C178: 93 | D178: 25 | E178: 0.2688172
A179: 2032731 | B179: =_xlfn.XLOOKUP(A179,'reference data'!A:A,'reference data'!B:B) -> St Teresa's Primary School, Loughmacrory | C179: 182 | D179: 20 | E179: 0.10989011
A180: 2032737 | B180: =_xlfn.XLOOKUP(A180,'reference data'!A:A,'reference data'!B:B) -> St Colmcille's Primary School, Carrickmore | C180: 415 | D180: 63 | E180: 0.15180723
A181: 2033706 | B181: =_xlfn.XLOOKUP(A181,'reference data'!A:A,'reference data'!B:B) -> Faughanvale Primary School, Greysteel | C181: 165 | D181: 46 | E181: 0.27878788
A182: 2033708 | B182: =_xlfn.XLOOKUP(A182,'reference data'!A:A,'reference data'!B:B) -> St Aidan's Primary School, Limavady | C182: 60 | D182: 16 | E182: 0.26666667
A183: 2036008 | B183: =_xlfn.XLOOKUP(A183,'reference data'!A:A,'reference data'!B:B) -> St Patrick's Primary School, Newtownstewart | C183: 100 | D183: 49 | E183: 0.49
... A247: 3010553 | B247: =_xlfn.XLOOKUP(A247,'reference data'!A:A,'reference data'!B:B) -> Carrickfergus Model Primary School, Carrickfergus | C247: 364 | D247: 40 | E247: 0.10989011
A248: 3010558 | B248: =_xlfn.XLOOKUP(A248,'reference data'!A:A,'reference data'!B:B) -> Duneane Primary School, Toomebridge | C248: 23 | D248: * | E248: *
A249: 3010570 | B249: =_xlfn.XLOOKUP(A249,'reference data'!A:A,'reference data'!B:B) -> Straid Primary School, Ballyclare | C249: 18 | D249: * | E249: *
A250: 3010572 | B250: =_xlfn.XLOOKUP(A250,'reference data'!A:A,'reference data'!B:B) -> Carrowreagh Primary School, Ballymoney | C250: 89 | D250: 8 | E250: 0.08988764
A251: 3010594 | B251: =_xlfn.XLOOKUP(A251,'reference data'!A:A,'reference data'!B:B) -> Garryduff Primary School, Ballymoney | C251: 72 | D251: 8 | E251: 0.11111111
A252: 3010631 | B252: =_xlfn.XLOOKUP(A252,'reference data'!A:A,'reference data'!B:B) -> Ballyclare Primary School | C252: 533 | D252: 95 | E252: 0.1782364
A253: 3010642 | B253: =_xlfn.XLOOKUP(A253,'reference data'!A:A,'reference data'!B:B) -> Parkgate Primary School, Ballyclare | C253: 51 | D253: * | E253: *
A254: 3010646 | B254: =_xlfn.XLOOKUP(A254,'reference data'!A:A,'reference data'!B:B) -> Olderfleet Primary School, Larne | C254: 114 | D254: 21 | E254: 0.18421053
A255: 3010696 | B255: =_xlfn.XLOOKUP(A255,'reference data'!A:A,'reference data'!B:B) -> Woodburn Primary School, Carrickfergus | C255: 197 | D255: 57 | E255: 0.2893401
A256: 3010714 | B256: =_xlfn.XLOOKUP(A256,'reference data'!A:A,'reference data'!B:B) -> Buick Memorial Primary School, Ballymena | C256: 277 | D256: 71 | E256: 0.25631769
A257: 3010726 | B257: =_xlfn.XLOOKUP(A257,'reference data'!A:A,'reference data'!B:B) -> Dunseverick Primary School | C257: 91 | D257: 25 | E257: 0.27472527
A258: 3010741 | B258: =_xlfn.XLOOKUP(A258,'reference data'!A:A,'reference data'!B:B) -> Creavery Primary School, Antrim | C258: 52 | D258: 9 | E258: 0.17307692
A259: 3010745 | B259: =_xlfn.XLOOKUP(A259,'reference data'!A:A,'reference data'!B:B) -> Loanends Primary School, Crumlin | C259: 184 | D259: 18 | E259: 0.097826087
A260: 3010754 | B260: =_xlfn.XLOOKUP(A260,'reference data'!A:A,'reference data'!B:B) -> Doagh Primary School, Ballyclare | C260: 134 | D260: 34 | E260: 0.25373134
A261: 3010779 | B261: =_xlfn.XLOOKUP(A261,'reference data'!A:A,'reference data'!B:B) -> The Thompson Primary School, Ballyclare | C261: 161 | D261: 11 | E261: 0.068322981
A262: 3010780 | B262: =_xlfn.XLOOKUP(A262,'reference data'!A:A,'reference data'!B:B) -> Kirkinriola Primary School, Ballymena | C262: 93 | D262: 28 | E262: 0.30107527
A263: 3010781 | B263: =_xlfn.XLOOKUP(A263,'reference data'!A:A,'reference data'!B:B) -> Harryville Primary School, Ballymena | C263: 228 | D263: 102 | E263: 0.44736842
A264: 3010785 | B264: =_xlfn.XLOOKUP(A264,'reference data'!A:A,'reference data'!B:B) -> Eden Primary School, Carrickfergus | C264: 207 | D264: 48 | E264: 0.23188406
A265: 3010787 | B265: =_xlfn.XLOOKUP(A265,'reference data'!A:A,'reference data'!B:B) -> Lislagan Primary School, Ballymoney | C265: 109 | D265: 30 | E265: 0.27522936
... A286: 3010847 | B286: =_xlfn.XLOOKUP(A286,'reference data'!A:A,'reference data'!B:B) -> Portrush Primary School | C286: 178 | D286: 62 | E286: 0.34831461
A287: 3010850 | B287: =_xlfn.XLOOKUP(A287,'reference data'!A:A,'reference data'!B:B) -> Upper Ballyboley Primary School, Ballyclare | C287: 11 | D287: * | E287: *
A288: 3010860 | B288: =_xlfn.XLOOKUP(A288,'reference data'!A:A,'reference data'!B:B) -> Sunnylands Primary School, Carrickfergus | C288: 200 | D288: 119 | E288: 0.595
A289: 3010862 | B289: =_xlfn.XLOOKUP(A289,'reference data'!A:A,'reference data'!B:B) -> Abbots Cross Primary School, Newtownabbey | C289: 312 | D289: 177 | E289: 0.56730769
A290: 3010870 | B290: =_xlfn.XLOOKUP(A290,'reference data'!A:A,'reference data'!B:B) -> Moyle Primary School, Larne | C290: 421 | D290: 157 | E290: 0.37292162
A291: 3010873 | B291: =_xlfn.XLOOKUP(A291,'reference data'!A:A,'reference data'!B:B) -> Bushmills Primary School | C291: 107 | D291: 62 | E291: 0.57943925
A292: 3010874 | B292: =_xlfn.XLOOKUP(A292,'reference data'!A:A,'reference data'!B:B) -> Whitehead Primary School, Carrickfergus | C292: 415 | D292: 79 | E292: 0.19036145
A293: 3010875 | B293: =_xlfn.XLOOKUP(A293,'reference data'!A:A,'reference data'!B:B) -> Ballymena Primary School | C293: 244 | D293: 60 | E293: 0.24590164
A294: 3010878 | B294: =_xlfn.XLOOKUP(A294,'reference data'!A:A,'reference data'!B:B) -> Kilmoyle Primary School, Ballymoney | C294: 111 | D294: 19 | E294: 0.17117117
A295: 3010879 | B295: =_xlfn.XLOOKUP(A295,'reference data'!A:A,'reference data'!B:B) -> Straidhavern Primary School, Crumlin | C295: 46 | D295: 0 | E295: 0
A296: 3010880 | B296: =_xlfn.XLOOKUP(A296,'reference data'!A:A,'reference data'!B:B) -> King's Park Primary School, Newtownabbey | C296: 302 | D296: 103 | E296: 0.3410596
A297: 3010883 | B297: =_xlfn.XLOOKUP(A297,'reference data'!A:A,'reference data'!B:B) -> Linn Primary School, Larne | C297: 408 | D297: 145 | E297: 0.35539216
A298: 3010891 | B298: =_xlfn.XLOOKUP(A298,'reference data'!A:A,'reference data'!B:B) -> Fourtowns Primary School, Ahoghill | C298: 268 | D298: 49 | E298: 0.18283582
A299: 3010892 | B299: =_xlfn.XLOOKUP(A299,'reference data'!A:A,'reference data'!B:B) -> Ballytober Primary School, Bushmills | C299: 83 | D299: 22 | E299: 0.26506024
... A338: 3016119 | B338: =_xlfn.XLOOKUP(A338,'reference data'!A:A,'reference data'!B:B) -> Garvagh Primary School | C338: 101 | D338: 31 | E338: 0.30693069
A339: 3016125 | B339: =_xlfn.XLOOKUP(A339,'reference data'!A:A,'reference data'!B:B) -> Rasharkin Primary School | C339: 68 | D339: * | E339: *
A340: 3016129 | B340: =_xlfn.XLOOKUP(A340,'reference data'!A:A,'reference data'!B:B) -> Carniny Primary School, Ballymena | C340: 287 | D340: 41 | E340: 0.14285714
A341: 3016170 | B341: =_xlfn.XLOOKUP(A341,'reference data'!A:A,'reference data'!B:B) -> Ballyhenry Primary School, Newtownabbey | C341: 152 | D341: 64 | E341: 0.42105263
A342: 3016225 | B342: =_xlfn.XLOOKUP(A342,'reference data'!A:A,'reference data'!B:B) -> Woodlawn Primary School, Carrickfergus | C342: 135 | D342: 59 | E342: 0.43703704
A343: 3016244 | B343: =_xlfn.XLOOKUP(A343,'reference data'!A:A,'reference data'!B:B) -> Ashgrove Primary School, Newtownabbey | C343: 362 | D343: 96 | E343: 0.26519337
...

Sheet SEN
A1: Data on Pupils1 attending primary schools in Northern Ireland 2023/24: SEN data
A3: DE ref | B3: School name | C3: Pupils with statement of Special Educational Needs (at Stage 3 on Code of practice) | D3: Pupils at Stage 1 - 2 Special Educational Needs Code of Practice | E3: Total pupils with Special Educational needs (Stage 1 - 3 on code of practice)
A4: 1010012 | B4: Belmont Primary School, Belfast | C4: 6 | D4: 15 | E4: 21
A5: 1010063 | B5: Currie Primary School, Belfast | C5: 26 | D5: 83 | E5: 109
A6: 1010146 | B6: Euston Street Primary School, Belfast | C6: 8 | D6: 83 | E6: 91
A7: 1010157 | B7: Rosetta Primary School | C7: 13 | D7: 48 | E7: 61
A8: 1010205 | B8: Forth River Primary School, Belfast | C8: 7 | D8: 42 | E8: 49
A9: 1010221 | B9: Springfield Primary School, Belfast | C9: 6 | D9: 24 | E9: 30
A10: 1010252 | B10: Strandtown Primary School, Belfast | C10: 26 | D10: 106 | E10: 132
A11: 1010255 | B11: Elmgrove Primary School, Belfast | C11: 59 | D11: 239 | E11: 298
A12: 1010266 | B12: Seaview Primary School, Belfast | C12: 22 | D12: 83 | E12: 105
A13: 1010267 | B13: Nettlefield Primary School, Belfast | C13: 14 | D13: 60 | E13: 74
A14: 1010273 | B14: Orangefield Primary School, Belfast | C14: 16 | D14: 54 | E14: 70
A15: 1010282 | B15: Carr's Glen Primary School, Belfast | C15: 11 | D15: 49 | E15: 60
A16: 1010301 | B16: Taughmonagh Primary School, Belfast | C16: 60 | D16: 41 | E16: 101
A17: 1010304 | B17: Greenwood Primary School, Belfast | C17: * | D17: # | E17: 18
A18: 1010307 | B18: Springhill Primary School, Belfast | C18: 7 | D18: 19 | E18: 26
A19: 1010323 | B19: Edenbrooke Primary School, Belfast | C19: 36 | D19: 74 | E19: 110
A20: 1010324 | B20: Stranmillis Primary School, Belfast | C20: 13 | D20: 12 | E20: 25
A21: 1010325 | B21: Ligoniel Primary School, Belfast | C21: 12 | D21: 36 | E21: 48
A22: 1010806 | B22: Finaghy Primary School, Belfast | C22: 11 | D22: 33 | E22: 44
A23: 1010831 | B23: Cavehill Primary School, Belfast | C23: 12 | D23: 70 | E23: 82
A24: 1013018 | B24: Knocknagoney Primary School, Belfast | C24: 14 | D24: 39 | E24: 53
A25: 1016059 | B25: Black Mountain Primary School, Belfast | C25: 12 | D25: 31 | E25: 43
A26: 1016060 | B26: Donegall Road Primary School, Belfast | C26: 11 | D26: 40 | E26: 51
A27: 1016076 | B27: Ballysillan Primary School | C27: 13 | D27: 25 | E27: 38
A28: 1016205 | B28: Fane Street Primary School, Belfast | C28: 7 | D28: 84 | E28: 91
A29: 1016207 | B29: Blythefield Primary School, Belfast | C29: 10 | D29: 79 | E29: 89
... A51: 1036246 | B51: St Joseph's Primary School, Holland Dr | C51: 11 | D51: 31 | E51: 42
A52: 1036388 | B52: St Mary's Primary School, Belfast | C52: * | D52: # | E52: 63
A53: 1036466 | B53: St Malachy's Primary School, Belfast | C53: 11 | D53: 41 | E53: 52
A54: 1036471 | B54: Sacred Heart Primary School, Belfast | C54: 18 | D54: 35 | E54: 53
A55: 1036505 | B55: St Matthew's Primary School, Belfast | C55: 19 | D55: 29 | E55: 48
A56: 1036565 | B56: St Kevin's Primary School | C56: 29 | D56: 155 | E56: 184
A57: 1036566 | B57: Holy Family Primary School, Belfast | C57: 31 | D57: 128 | E57: 159
A58: 1036576 | B58: Holy Child Primary School, Belfast | C58: 18 | D58: 55 | E58: 73
A59: 1036589 | B59: St Teresa's Primary School, Belfast | C59: 66 | D59: 73 | E59: 139
A60: 1036602 | B60: St Oliver Plunkett Primary School, Belfast | C60: 35 | D60: 135 | E60: 170
A61: 1036620 | B61: St Peter's Primary School, Belfast | C61: 16 | D61: 47 | E61: 63
A62: 1036621 | B62: St Joseph's Primary School, Slate | C62: 28 | D62: 71 | E62: 99
A63: 1036623 | B63: Holy Trinity Primary School, Belfast | C63: 79 | D63: 123 | E63: 202
A64: 1036624 | B64: St Paul's Primary School, Belfast | C64: 25 | D64: 99 | E64: 124
... A69: 1046501 | B69: Bunscoil Phobal Feirste | C69: 30 | D69: 102 | E69: 132
A70: 1046571 | B70: Gaelscoil Na Bhfal, Belfast | C70: * | D70: # | E70: 32
A71: 1046593 | B71: Bunscoil an Tsleibhe Dhuibh, Belfast | C71: 16 | D71: 36 | E71: 52
A72: 1046596 | B72: Bunscoil Bheann Mhadagain | C72: 11 | D72: 57 | E72: 68
A73: 1046641 | B73: Scoil an Droichid, Belfast | C73: 7 | D73: 74 | E73: 81
A74: 1046671 | B74: Gaelscoil na Mona, Belfast | C74: * | D74: * | E74: 8
A75: 1046672 | B75: Gaelscoil an Lonnain, Belfast | C75: * | D75: # | E75: 30
A76: 1050232 | B76: Harding Memorial Integrated Primary School, Belfast | C76: 29 | D76: 18 | E76: 47
A77: 1056483 | B77: Cliftonville Integrated Primary School, Belfast | C77: 25 | D77: 61 | E77: 86
A78: 1056535 | B78: Forge Integrated Primary School, Belfast | C78: 18 | D78: 59 | E78: 77
A79: 1066531 | B79: Hazelwood Integrated Primary School, Newtownabbey | C79: 36 | D79: 82 | E79: 118
A80: 1066580 | B80: Cranmore Integrated Primary School, Belfast | C80: 22 | D80: 40 | E80: 62
A81: 1620020 | B81: Campbell College Junior School, Belfast | C81: 6 | D81: 34 | E81: 40
A82: 1620022 | B82: Fullerton House Preparatory School, Belfast | C82: 6 | D82: 6 | E82: 12
A83: 1620023 | B83: Downey House Preparatory School | C83: * | D83: * | E83: 6
A84: 1620027 | B84: Inchmarlo | C84: 6 | D84: 16 | E84: 22
A85: 1620028 | B85: Ben Madigan Preparatory School | C85: * | D85: # | E85: 16
A86: 1620089 | B86: Strathearn Preparatory School, Belfast | C86: * | D86: # | E86: 13
A87: 1620264 | B87: Victoria College Prep Department, Belfast | C87: 7 | D87: 18 | E87: 25
A88: 2010380 | B88: Londonderry Model Primary School | C88: 30 | D88: 55 | E88: 85
A89: 2010382 | B89: Ebrington Primary School | C89: 25 | D89: 55 | E89: 80
A90: 2011787 | B90: Kesh Primary School | C90: 15 | D90: 31 | E90: 46
A91: 2011789 | B91: Moat Primary School, Lisnaskea | C91: 7 | D91: 23 | E91: 30
A92: 2011860 | B92: Belleek No 2 Primary School | C92: 0 | D92: 6 | E92: 6
A93: 2011873 | B93: Aghadrumsee Primary School, Roslea | C93: * | D93: # | E93: 11
A94: 2011879 | B94: Newtownbutler Primary School | C94: * | D94: # | E94: 8
A95: 2011881 | B95: Florencecourt Primary School | C95: 7 | D95: 30 | E95: 37
A96: 2011893 | B96: Ballinamallard Primary School | C96: 9 | D96: 28 | E96: 37
A97: 2011894 | B97: Brookeborough Primary School | C97: 5 | D97: 17 | E97: 22
A98: 2011899 | B98: Derrygonnelly Primary School | C98: * | D98: * | E98: *
A99: 2012052 | B99: Culmore Primary School | C99: * | D99: # | E99: 12
A100: 2012095 | B100: Ballougry Primary School | C100: * | D100: # | E100: 11
A101: 2012227 | B101: Drumahoe Primary School | C101: 14 | D101: 30 | E101: 44
A102: 2012245 | B102: Eglinton Primary School | C102: 9 | D102: 27 | E102: 36
A103: 2012261 | B103: Newbuildings Primary School | C103: 10 | D103: 29 | E103: 39
A104: 2012298 | B104: Ballykelly Primary School | C104: 11 | D104: 35 | E104: 46
A105: 2012344 | B105: McClintock Primary School, Seskinore | C105: * | D105: * | E105: 6
A106: 2012638 | B106: Edwards Primary School, Castlederg | C106: 10 | D106: 44 | E106: 54
A107: 2012641 | B107: Killen Primary School, Castlederg | C107: 9 | D107: 20 | E107: 29
A108: 2012648 | B108: Gillygooley Primary School, Omagh | C108: 0 | D108: * | E108: *
A109: 2012660 | B109: Denamona Primary School, Fintona | C109: 5 | D109: 12 | E109: 17
A110: 2012669 | B110: Queen Elizabeth II Primary School, Kilskeery | C110: 0 | D110: 7 | E110: 7
A111: 2012671 | B111: Langfield Primary School, Drumquin | C111: * | D111: * | E111: 6
A112: 2012691 | B112: Omagh County Primary School | C112: 28 | D112: 88 | E112: 116
A113: 2012707 | B113: Dromore Primary School, Tyrone | C113: * | D113: # | E113: 10
A114: 2012708 | B114: Strabane Primary School | C114: 17 | D114: 41 | E114: 58
A115: 2012711 | B115: Donemana Primary School, Strabane | C115: * | D115: # | E115: 15
A116: 2016003 | B116: Jones Memorial Primary School, Enniskillen | C116: 27 | D116: 24 | E116: 51
A117: 2016029 | B117: Drumachose Primary School, Limavady | C117: 12 | D117: 27 | E117: 39
A118: 2016068 | B118: Artigarvan Primary School, Strabane | C118: * | D118: # | E118: 13
A119: 2016071 | B119: Greenhaw Primary School | C119: 19 | D119: 37 | E119: 56
A120: 2016089 | B120: Gibson Primary School, Omagh | C120: 22 | D120: 27 | E120: 49
A121: 2016102 | B121: Tempo Primary School | C121: 9 | D121: 12 | E121: 21
A122: 2016124 | B122: Ashlea S, Tullyally | C122: 10 | D122: 16 | E122: 26
A123: 2016127 | B123: Maguiresbridge Primary School | C123: 10 | D123: 16 | E123: 26
A124: 2016151 | B124: Irvinestown Primary School | C124: 11 | D124: 35 | E124: 46
A125: 2016152 | B125: Enniskillen Model Primary School | C125: 22 | D125: 43 | E125: 65
A126: 2016184 | B126: Lack Primary School, Enniskillen | C126: * | D126: # | E126: 6
...

Sheet Religion
A1: Data on religious background of pupils1 attending primary schools in Northern Ireland, 2023/24
A2: Note: Data is not available for all schools due to ASOS (see meta data)
A4: DE ref | B4: School name | C4: Protestant | D4: % Protestant | E4: Catholic | F4: % Catholic | G4: Other Christian / non-Christian / no religion / unknown | H4: % Other Christian / non-Christian / no religion / unknown | I4: Enrolment
A5: 1010012 | B5: Belmont Primary School, Belfast | C5: N/A | D5: N/A | E5: N/A | F5: N/A | G5: N/A | H5: N/A | I5: 245
A6: 1010063 | B6: Currie Primary School, Belfast | C6: N/A | D6: N/A | E6: N/A | F6: N/A | G6: N/A | H6: N/A | I6: 192
A7: 1010146 | B7: Euston Street Primary School, Belfast | C7: N/A | D7: N/A | E7: N/A | F7: N/A | G7: N/A | H7: N/A | I7: 363
A8: 1010157 | B8: Rosetta Primary School | C8: N/A | D8: N/A | E8: N/A | F8: N/A | G8: N/A | H8: N/A | I8: 310
A9: 1010205 | B9: Forth River Primary School, Belfast | C9: 122 | D9: 0.5754717 | E9: * | F9: * | G9: # | H9: # | I9: 212
A10: 1010221 | B10: Springfield Primary School, Belfast | C10: 149 | D10: 0.84180791 | E10: 0 | F10: 0 | G10: 28 | H10: 0.15819209 | I10: 177
A11: 1010252 | B11: Strandtown Primary School, Belfast | C11: N/A | D11: N/A | E11: N/A | F11: N/A | G11: N/A | H11: N/A | I11: 979
A12: 1010255 | B12: Elmgrove Primary School, Belfast | C12: N/A | D12: N/A | E12: N/A | F12: N/A | G12: N/A | H12: N/A | I12: 612
A13: 1010266 | B13: Seaview Primary School, Belfast | C13: 191 | D13: 0.42633929 | E13: 23 | F13: 0.051339286 | G13: 234 | H13: 0.52232143 | I13: 448
A14: 1010267 | B14: Nettlefield Primary School, Belfast | C14: N/A | D14: N/A | E14: N/A | F14: N/A | G14: N/A | H14: N/A | I14: 413
A15: 1010273 | B15: Orangefield Primary School, Belfast | C15: N/A | D15: N/A | E15: N/A | F15: N/A | G15: N/A | H15: N/A | I15: 460
A16: 1010282 | B16: Carr's Glen Primary School, Belfast | C16: 188 | D16: 0.55294118 | E16: 8 | F16: 0.023529412 | G16: 144 | H16: 0.42352941 | I16: 340
A17: 1010301 | B17: Taughmonagh Primary School, Belfast | C17: 131 | D17: 0.49621212 | E17: 20 | F17: 0.075757576 | G17: 113 | H17: 0.4280303 | I17: 264
A18: 1010304 | B18: Greenwood Primary School, Belfast | C18: 99 | D18: 0.33673469 | E18: 14 | F18: 0.047619048 | G18: 181 | H18: 0.61564626 | I18: 294
A19: 1010307 | B19: Springhill Primary School, Belfast | C19: 110 | D19: 0.56410256 | E19: 0 | F19: 0 | G19: 85 | H19: 0.43589744 | I19: 195
A20: 1010323 | B20: Edenbrooke Primary School, Belfast | C20: N/A | D20: N/A | E20: N/A | F20: N/A | G20: N/A | H20: N/A | I20: 367
A21: 1010324 | B21: Stranmillis Primary School, Belfast | C21: N/A | D21: N/A | E21: N/A | F21: N/A | G21: N/A | H21: N/A | I21: 466
A22: 1010325 | B22: Ligoniel Primary School, Belfast | C22: 115 | D22: 0.58375635 | E22: 9 | F22: 0.045685279 | G22: 73 | H22: 0.37055838 | I22: 197
A23: 1010806 | B23: Finaghy Primary School, Belfast | C23: N/A | D23: N/A | E23: N/A | F23: N/A | G23: N/A | H23: N/A | I23: 383
A24: 1010831 | B24: Cavehill Primary School, Belfast | C24: 196 | D24: 0.48756219 | E24: 52 | F24: 0.12935323 | G24: 154 | H24: 0.38308458 | I24: 402
A25: 1013018 | B25: Knocknagoney Primary School, Belfast | C25: 130 | D25: 0.52208835 | E25: 14 | F25: 0.0562249 | G25: 105 | H25: 0.42168675 | I25: 249
A26: 1016059 | B26: Black Mountain Primary School, Belfast | C26: N/A | D26: N/A | E26: N/A | F26: N/A | G26: N/A | H26: N/A | I26: 182
A27: 1016060 | B27: Donegall Road Primary School, Belfast | C27: # | D27: # | E27: * | F27: * | G27: 120 | H27: 0.57416268 | I27: 209
A28: 1016076 | B28: Ballysillan Primary School | C28: N/A | D28: N/A | E28: N/A | F28: N/A | G28: N/A | H28: N/A | I28: 223
A29: 1016205 | B29: Fane Street Primary School, Belfast | C29: N/A | D29: N/A | E29: N/A | F29: N/A | G29: N/A | H29: N/A | I29: 309
A30: 1016207 | B30: Blythefield Primary School, Belfast | C30: 151 | D30: 0.78645833 | E30: 0 | F30: 0 | G30: 41 | H30: 0.21354167 | I30: 192
A31: 1016242 | B31: Dundela Infants Primary School, Belfast | C31: N/A | D31: N/A | E31: N/A | F31: N/A | G31: N/A | H31: N/A | I31: 282
A32: 1016485 | B32: Glenwood Primary School, Belfast | C32: N/A | D32: N/A | E32: N/A | F32: N/A | G32: N/A | H32: N/A | I32: 508
A33: 1016498 | B33: Malvern Primary School, Belfast | C33: # | D33: # | E33: * | F33: * | G33: 93 | H33: 0.56707317 | I33: 164
A34: 1016499 | B34: Botanic Primary School, Belfast | C34: N/A | D34: N/A | E34: N/A | F34: N/A | G34: N/A | H34: N/A | I34: 210
A35: 1016532 | B35: Wheatfield Primary School, Belfast | C35: N/A | D35: N/A | E35: N/A | F35: N/A | G35: N/A | H35: N/A | I35: 176
A36: 1016537 | B36: Lowwood Primary School, Belfast | C36: 123 | D36: 0.50617284 | E36: 8 | F36: 0.032921811 | G36: 112 | H36: 0.46090535 | I36: 243
A37: 1016604 | B37: Harmony Primary School, Belfast | C37: 233 | D37: 0.86296296 | E37: * | F37: * | G37: # | H37: # | I37: 270
A38: 1016647 | B38: Bunscoil Mhic Reachtain, Belfast | C38: 0 | D38: 0 | E38: 47 | F38: 0.94 | G38: * | H38: * | I38: 50
A39: 1016655 | B39: Victoria Park Primary School | C39: N/A | D39: N/A | E39: N/A | F39: N/A | G39: N/A | H39: N/A | I39: 373
A40: 1030194 | B40: Holy Cross Boys' Primary School, Belfast | C40: * | D40: * | E40: # | F40: # | G40: * | H40: * | I40: 397
A41: 1030313 | B41: Our Lady of Lourdes Primary School, Belfast | C41: N/A | D41: N/A | E41: N/A | F41: N/A | G41: N/A | H41: N/A | I41: 623
A42: 1030326 | B42: Our Lady's Primary School, Belfast | C42: N/A | D42: N/A | E42: N/A | F42: N/A | G42: N/A | H42: N/A | I42: 193
A43: 1030327 | B43: Holy Rosary Primary School, Belfast | C43: N/A | D43: N/A | E43: N/A | F43: N/A | G43: N/A | H43: N/A | I43: 470
A44: 1030331 | B44: Holy Cross Girls' Primary School, Belfast | C44: N/A | D44: N/A | E44: N/A | F44: N/A | G44: N/A | H44: N/A | I44: 192
A45: 1030868 | B45: St Anne's Primary School, Belfast | C45: * | D45: * | E45: 797 | F45: 0.89853439 | G45: # | H45: # | I45: 887
A46: 1036041 | B46: Mercy Primary School, Belfast | C46: N/A | D46: N/A | E46: N/A | F46: N/A | G46: N/A | H46: N/A | I46: 241
A47: 1036042 | B47: St Vincent de Paul Primary School | C47: N/A | D47: N/A | E47: N/A | F47: N/A | G47: N/A | H47: N/A | I47: 288
A48: 1036048 | B48: St Mary's Star of the Sea Primary School, Belfast | C48: * | D48: * | E48: 118 | F48: 0.85507246 | G48: # | H48: # | I48: 138
A49: 1036075 | B49: St Bride's Primary School, Belfast | C49: N/A | D49: N/A | E49: N/A | F49: N/A | G49: N/A | H49: N/A | I49: 838
A50: 1036132 | B50: St Therese of Lisieux Primary School, Belfast | C50: N/A | D50: N/A | E50: N/A | F50: N/A | G50: N/A | H50: N/A | I50: 424
A51: 1036140 | B51: St Michael's Primary School, Belfast | C51: * | D51: * | E51: 361 | F51: 0.86570743 | G51: # | H51: # | I51: 417
A52: 1036246 | B52: St Joseph's Primary School, Holland Dr | C52: N/A | D52: N/A | E52: N/A | F52: N/A | G52: N/A | H52: N/A | I52: 377
A53: 1036388 | B53: St Mary's Primary School, Belfast | C53: 26 | D53: 0.1969697 | E53: 49 | F53: 0.37121212 | G53: 57 | H53: 0.43181818 | I53: 132
A54: 1036466 | B54: St Malachy's Primary School, Belfast | C54: * | D54: * | E54: # | F54: # | G54: 217 | H54: 0.55498721 | I54: 391
A55: 1036471 | B55: Sacred Heart Primary School, Belfast | C55: N/A | D55: N/A | E55: N/A | F55: N/A | G55: N/A | H55: N/A | I55: 156
A56: 1036505 | B56: St Matthew's Primary School, Belfast | C56: 5 | D56: 0.014450867 | E56: 252 | F56: 0.7283237 | G56: 89 | H56: 0.25722543 | I56: 346
A57: 1036565 | B57: St Kevin's Primary School | C57: * | D57: * | E57: 441 | F57: 0.77915194 | G57: # | H57: # | I57: 566
A58: 1036566 | B58: Holy Family Primary School, Belfast | C58: N/A | D58: N/A | E58: N/A | F58: N/A | G58: N/A | H58: N/A | I58: 486
A59: 1036576 | B59: Holy Child Primary School, Belfast | C59: N/A | D59: N/A | E59: N/A | F59: N/A | G59: N/A | H59: N/A | I59: 457
A60: 1036589 | B60: St Teresa's Primary School, Belfast | C60: N/A | D60: N/A | E60: N/A | F60: N/A | G60: N/A | H60: N/A | I60: 610
A61: 1036602 | B61: St Oliver Plunkett Primary School, Belfast | C61: * | D61: * | E61: 620 | F61: 0.97946288 | G61: # | H61: # | I61: 633
A62: 1036620 | B62: St Peter's Primary School, Belfast | C62: * | D62: * | E62: 277 | F62: 0.97879859 | G62: * | H62: * | I62: 283
A63: 1036621 | B63: St Joseph's Primary School, Slate | C63: * | D63: * | E63: 263 | F63: 0.80923077 | G63: # | H63: # | I63: 325
A64: 1036623 | B64: Holy Trinity Primary School, Belfast | C64: * | D64: * | E64: 631 | F64: 0.97829457 | G64: # | H64: # | I64: 645
A65: 1036624 | B65: St Paul's Primary School, Belfast | C65: N/A | D65: N/A | E65: N/A | F65: N/A | G65: N/A | H65: N/A | I65: 336
A66: 1036630 | B66: St Clare's Primary School, Belfast | C66: 12 | D66: 0.026086957 | E66: 354 | F66: 0.76956522 | G66: 94 | H66: 0.20434783 | I66: 460
A67: 1036688 | B67: St John the Baptist Primary School, Belfast | C67: 7 | D67: 0.017456359 | E67: 373 | F67: 0.93017456 | G67: 21 | H67: 0.052369077 | I67: 401
A68: 1036697 | B68: John Paul II Primary School, Belfast | C68: 0 | D68: 0 | E68: 303 | F68: 0.94984326 | G68: 16 | H68: 0.05015674 | I68: 319
A69: 1036698 | B69: St Patrick's Primary School, Belfast | C69: * | D69: * | E69: 331 | F69: 0.77336449 | G69: # | H69: # | I69: 428
A70: 1046501 | B70: Bunscoil Phobal Feirste | C70: 0 | D70: 0 | E70: 379 | F70: 0.90023753 | G70: 42 | H70: 0.09976247 | I70: 421
A71: 1046571 | B71: Gaelscoil Na Bhfal, Belfast | C71: N/A | D71: N/A | E71: N/A | F71: N/A | G71: N/A | H71: N/A | I71: 216
A72: 1046593 | B72: Bunscoil an Tsleibhe Dhuibh, Belfast | C72: N/A | D72: N/A | E72: N/A | F72: N/A | G72: N/A | H72: N/A | I72: 220
A73: 1046596 | B73: Bunscoil Bheann Mhadagain | C73: 0 | D73: 0 | E73: 186 | F73: 0.93467337 | G73: 13 | H73: 0.065326633 | I73: 199
A74: 1046641 | B74: Scoil an Droichid, Belfast | C74: 0 | D74: 0 | E74: 144 | F74: 0.7539267 | G74: 47 | H74: 0.2460733 | I74: 191
A75: 1046671 | B75: Gaelscoil na Mona, Belfast | C75: N/A | D75: N/A | E75: N/A | F75: N/A | G75: N/A | H75: N/A | I75: 113
A76: 1046672 | B76: Gaelscoil an Lonnain, Belfast | C76: N/A | D76: N/A | E76: N/A | F76: N/A | G76: N/A | H76: N/A | I76: 46
A77: 1050232 | B77: Harding Memorial Integrated Primary School, Belfast | C77: 68 | D77: 0.31192661 | E77: 33 | F77: 0.15137615 | G77: 117 | H77: 0.53669725 | I77: 218
A78: 1056483 | B78: Cliftonville Integrated Primary School, Belfast | C78: N/A | D78: N/A | E78: N/A | F78: N/A | G78: N/A | H78: N/A | I78: 408
A79: 1056535 | B79: Forge Integrated Primary School, Belfast | C79: 84 | D79: 0.21319797 | E79: 122 | F79: 0.30964467 | G79: 188 | H79: 0.47715736 | I79: 394
A80: 1066531 | B80: Hazelwood Integrated Primary School, Newtownabbey | C80: N/A | D80: N/A | E80: N/A | F80: N/A | G80: N/A | H80: N/A | I80: 450
A81: 1066580 | B81: Cranmore Integrated Primary School, Belfast | C81: N/A | D81: N/A | E81: N/A | F81: N/A | G81: N/A | H81: N/A | I81: 233
A82: 1620020 | B82: Campbell College Junior School, Belfast | C82: 69 | D82: 0.33990148 | E82: 11 | F82: 0.054187192 | G82: 123 | H82: 0.60591133 | I82: 203
A83: 1620022 | B83: Fullerton House Preparatory School, Belfast | C83: 25 | D83: 0.17605634 | E83: 37 | F83: 0.26056338 | G83: 80 | H83: 0.56338028 | I83: 142
A84: 1620023 | B84: Downey House Preparatory School | C84: 26 | D84: 0.53061224 | E84: * | F84: * | G84: # | H84: # | I84: 49
A85: 1620027 | B85: Inchmarlo | C85: 33 | D85: 0.3 | E85: 28 | F85: 0.25454545 | G85: 49 | H85: 0.44545455 | I85: 110
A86: 1620028 | B86: Ben Madigan Preparatory School | C86: 34 | D86: 0.32692308 | E86: 27 | F86: 0.25961538 | G86: 43 | H86: 0.41346154 | I86: 104
A87: 1620089 | B87: Strathearn Preparatory School, Belfast | C87: # | D87: # | E87: * | F87: * | G87: 111 | H87: 0.84732824 | I87: 131
A88: 1620264 | B88: Victoria College Prep Department, Belfast | C88: 37 | D88: 0.27205882 | E88: 35 | F88: 0.25735294 | G88: 64 | H88: 0.47058824 | I88: 136
A89: 2010380 | B89: Londonderry Model Primary School | C89: N/A | D89: N/A | E89: N/A | F89: N/A | G89: N/A | H89: N/A | I89: 281
A90: 2010382 | B90: Ebrington Primary School | C90: N/A | D90: N/A | E90: N/A | F90: N/A | G90: N/A | H90: N/A | I90: 480
A91: 2011787 | B91: Kesh Primary School | C91: 184 | D91: 0.75409836 | E91: 13 | F91: 0.053278689 | G91: 47 | H91: 0.19262295 | I91: 244
A92: 2011789 | B92: Moat Primary School, Lisnaskea | C92: 111 | D92: 0.82222222 | E92: 7 | F92: 0.051851852 | G92: 17 | H92: 0.12592593 | I92: 135
A93: 2011860 | B93: Belleek No 2 Primary School | C93: 23 | D93: 0.71875 | E93: * | F93: * | G93: # | H93: # | I93: 32
A94: 2011873 | B94: Aghadrumsee Primary School, Roslea | C94: # | D94: # | E94: 0 | F94: 0 | G94: * | H94: * | I94: 31
A95: 2011879 | B95: Newtownbutler Primary School | C95: # | D95: # | E95: 0 | F95: 0 | G95: * | H95: * | I95: 30
A96: 2011881 | B96: Florencecourt Primary School | C96: 98 | D96: 0.7 | E96: 10 | F96: 0.071428571 | G96: 32 | H96: 0.22857143 | I96: 140
A97: 2011893 | B97: Ballinamallard Primary School | C97: 110 | D97: 0.71895425 | E97: 8 | F97: 0.052287582 | G97: 35 | H97: 0.22875817 | I97: 153
A98: 2011894 | B98: Brookeborough Primary School | C98: 57 | D98: 0.890625 | E98: 0 | F98: 0 | G98: 7 | H98: 0.109375 | I98: 64
A99: 2011899 | B99: Derrygonnelly Primary School | C99: 52 | D99: 0.9122807 | E99: 0 | F99: 0 | G99: 5 | H99: 0.087719298 | I99: 57
A100: 2012052 | B100: Culmore Primary School | C100: N/A | D100: N/A | E100: N/A | F100: N/A | G100: N/A | H100: N/A | I100: 55
A101: 2012095 | B101: Ballougry Primary School | C101: N/A | D101: N/A | E101: N/A | F101: N/A | G101: N/A | H101: N/A | I101: 38
...

Sheet Newcomer
A1: Data on newcomer pupils1 attending primary schools in Northern Ireland, 2023/24
A4: DE ref | B4: School name | C4: Newcomer | D4: % Newcomer | E4: Total enrolment
A5: 1010012 | B5: Belmont Primary School, Belfast | C5: * | D5: * | E5: 245
A6: 1010063 | B6: Currie Primary School, Belfast | C6: 13 | D6: 0.067708333 | E6: 192
A7: 1010146 | B7: Euston Street Primary School, Belfast | C7: 131 | D7: 0.36088154 | E7: 363
A8: 1010157 | B8: Rosetta Primary School | C8: 59 | D8: 0.19032258 | E8: 310
A9: 1010205 | B9: Forth River Primary School, Belfast | C9: * | D9: * | E9: 212
A10: 1010221 | B10: Springfield Primary School, Belfast | C10: 7 | D10: 0.039548023 | E10: 177
A11: 1010252 | B11: Strandtown Primary School, Belfast | C11: 49 | D11: 0.050051073 | E11: 979
A12: 1010255 | B12: Elmgrove Primary School, Belfast | C12: 119 | D12: 0.19444444 | E12: 612
A13: 1010266 | B13: Seaview Primary School, Belfast | C13: 120 | D13: 0.26785714 | E13: 448
A14: 1010267 | B14: Nettlefield Primary School, Belfast | C14: 167 | D14: 0.40435835 | E14: 413
A15: 1010273 | B15: Orangefield Primary School, Belfast | C15: 51 | D15: 0.11086957 | E15: 460
A16: 1010282 | B16: Carr's Glen Primary School, Belfast | C16: 27 | D16: 0.079411765 | E16: 340
A17: 1010301 | B17: Taughmonagh Primary School, Belfast | C17: 8 | D17: 0.03030303 | E17: 264
A18: 1010304 | B18: Greenwood Primary School, Belfast | C18: 11 | D18: 0.037414966 | E18: 294
A19: 1010307 | B19: Springhill Primary School, Belfast | C19: 26 | D19: 0.13333333 | E19: 195
A20: 1010323 | B20: Edenbrooke Primary School, Belfast | C20: 24 | D20: 0.065395095 | E20: 367
A21: 1010324 | B21: Stranmillis Primary School, Belfast | C21: 62 | D21: 0.13304721 | E21: 466
... A25: 1013018 | B25: Knocknagoney Primary School, Belfast | C25: 19 | D25: 0.076305221 | E25: 249
A26: 1016059 | B26: Black Mountain Primary School, Belfast | C26: * | D26: * | E26: 182
A27: 1016060 | B27: Donegall Road Primary School, Belfast | C27: 64 | D27: 0.3062201 | E27: 209
A28: 1016076 | B28: Ballysillan Primary School | C28: * | D28: * | E28: 223
A29: 1016205 | B29: Fane Street Primary School, Belfast | C29: 263 | D29: 0.85113269 | E29: 309
A30: 1016207 | B30: Blythefield Primary School, Belfast | C30: 23 | D30: 0.11979167 | E30: 192
A31: 1016242 | B31: Dundela Infants Primary School, Belfast | C31: 67 | D31: 0.23758865 | E31: 282
A32: 1016485 | B32: Glenwood Primary School, Belfast | C32: 60 | D32: 0.11811024 | E32: 508
A33: 1016498 | B33: Malvern Primary School, Belfast | C33: 62 | D33: 0.37804878 | E33: 164
A34: 1016499 | B34: Botanic Primary School, Belfast | C34: 146 | D34: 0.6952381 | E34: 210
A35: 1016532 | B35: Wheatfield Primary School, Belfast | C35: 50 | D35: 0.28409091 | E35: 176
A36: 1016537 | B36: Lowwood Primary School, Belfast | C36: 9 | D36: 0.037037037 | E36: 243
A37: 1016604 | B37: Harmony Primary School, Belfast | C37: * | D37: * | E37: 270
A38: 1016647 | B38: Bunscoil Mhic Reachtain, Belfast | C38: 0 | D38: 0 | E38: 50
A39: 1016655 | B39: Victoria Park Primary School | C39: 47 | D39: 0.12600536 | E39: 373
A40: 1030194 | B40: Holy Cross Boys' Primary School, Belfast | C40: * | D40: * | E40: 397
A41: 1030313 | B41: Our Lady of Lourdes Primary School, Belfast | C41: 11 | D41: 0.017656501 | E41: 623
A42: 1030326 | B42: Our Lady's Primary School, Belfast | C42: 6 | D42: 0.031088083 | E42: 193
A43: 1030327 | B43: Holy Rosary Primary School, Belfast | C43: 250 | D43: 0.53191489 | E43: 470
A44: 1030331 | B44: Holy Cross Girls' Primary School, Belfast | C44: * | D44: * | E44: 192
A45: 1030868 | B45: St Anne's Primary School, Belfast | C45: 69 | D45: 0.077790304 | E45: 887
A46: 1036041 | B46: Mercy Primary School, Belfast | C46: 10 | D46: 0.041493776 | E46: 241
A47: 1036042 | B47: St Vincent de Paul Primary School | C47: 28 | D47: 0.097222222 | E47: 288
A48: 1036048 | B48: St Mary's Star of the Sea Primary School, Belfast | C48: 19 | D48: 0.13768116 | E48: 138
A49: 1036075 | B49: St Bride's Primary School, Belfast | C49: 192 | D49: 0.22911695 | E49: 838
A50: 1036132 | B50: St Therese of Lisieux Primary School, Belfast | C50: 60 | D50: 0.14150943 | E50: 424
A51: 1036140 | B51: St Michael's Primary School, Belfast | C51: 47 | D51: 0.11270983 | E51: 417
A52: 1036246 | B52: St Joseph's Primary School, Holland Dr | C52: 79 | D52: 0.20954907 | E52: 377
A53: 1036388 | B53: St Mary's Primary School, Belfast | C53: 88 | D53: 0.66666667 | E53: 132
A54: 1036466 | B54: St Malachy's Primary School, Belfast | C54: 164 | D54: 0.41943734 | E54: 391
A55: 1036471 | B55: Sacred Heart Primary School, Belfast | C55: 14 | D55: 0.08974359 | E55: 156
A56: 1036505 | B56: St Matthew's Primary School, Belfast | C56: 123 | D56: 0.35549133 | E56: 346
... A60: 1036589 | B60: St Teresa's Primary School, Belfast | C60: 30 | D60: 0.049180328 | E60: 610
A61: 1036602 | B61: St Oliver Plunkett Primary School, Belfast | C61: * | D61: * | E61: 633
A62: 1036620 | B62: St Peter's Primary School, Belfast | C62: 11 | D62: 0.038869258 | E62: 283
A63: 1036621 | B63: St Joseph's Primary School, Slate | C63: 75 | D63: 0.23076923 | E63: 325
A64: 1036623 | B64: Holy Trinity Primary School, Belfast | C64: * | D64: * | E64: 645
A65: 1036624 | B65: St Paul's Primary School, Belfast | C65: 107 | D65: 0.31845238 | E65: 336
A66: 1036630 | B66: St Clare's Primary School, Belfast | C66: 111 | D66: 0.24130435 | E66: 460
A67: 1036688 | B67: St John the Baptist Primary School, Belfast | C67: 23 | D67: 0.057356608 | E67: 401
A68: 1036697 | B68: John Paul II Primary School, Belfast | C68: 6 | D68: 0.018808777 | E68: 319
A69: 1036698 | B69: St Patrick's Primary School, Belfast | C69: 110 | D69: 0.25700935 | E69: 428
A70: 1046501 | B70: Bunscoil Phobal Feirste | C70: 0 | D70: 0 | E70: 421
A71: 1046571 | B71: Gaelscoil Na Bhfal, Belfast | C71: 0 | D71: 0 | E71: 216
A72: 1046593 | B72: Bunscoil an Tsleibhe Dhuibh, Belfast | C72: 0 | D72: 0 | E72: 220
A73: 1046596 | B73: Bunscoil Bheann Mhadagain | C73: 0 | D73: 0 | E73: 199
A74: 1046641 | B74: Scoil an Droichid, Belfast | C74: 0 | D74: 0 | E74: 191
A75: 1046671 | B75: Gaelscoil na Mona, Belfast | C75: 0 | D75: 0 | E75: 113
A76: 1046672 | B76: Gaelscoil an Lonnain, Belfast | C76: * | D76: * | E76: 46
A77: 1050232 | B77: Harding Memorial Integrated Primary School, Belfast | C77: 30 | D77: 0.13761468 | E77: 218
A78: 1056483 | B78: Cliftonville Integrated Primary School, Belfast | C78: 67 | D78: 0.16421569 | E78: 408
A79: 1056535 | B79: Forge Integrated Primary School, Belfast | C79: 40 | D79: 0.10152284 | E79: 394
A80: 1066531 | B80: Hazelwood Integrated Primary School, Newtownabbey | C80: 48 | D80: 0.10666667 | E80: 450
A81: 1066580 | B81: Cranmore Integrated Primary School, Belfast | C81: 24 | D81: 0.10300429 | E81: 233
A82: 1620020 | B82: Campbell College Junior School, Belfast | C82: 0 | D82: 0 | E82: 203
A83: 1620022 | B83: Fullerton House Preparatory School, Belfast | C83: 0 | D83: 0 | E83: 142
A84: 1620023 | B84: Downey House Preparatory School | C84: * | D84: * | E84: 49
A85: 1620027 | B85: Inchmarlo | C85: * | D85: * | E85: 110
A86: 1620028 | B86: Ben Madigan Preparatory School | C86: * | D86: * | E86: 104
A87: 1620089 | B87: Strathearn Preparatory School, Belfast | C87: * | D87: * | E87: 131
A88: 1620264 | B88: Victoria College Prep Department, Belfast | C88: * | D88: * | E88: 136
A89: 2010380 | B89: Londonderry Model Primary School | C89: 45 | D89: 0.16014235 | E89: 281
A90: 2010382 | B90: Ebrington Primary School | C90: 6 | D90: 0.0125 | E90: 480
A91: 2011787 | B91: Kesh Primary School | C91: 8 | D91: 0.032786885 | E91: 244
A92: 2011789 | B92: Moat Primary School, Lisnaskea | C92: 0 | D92: 0 | E92: 135
A93: 2011860 | B93: Belleek No 2 Primary School | C93: 0 | D93: 0 | E93: 32
A94: 2011873 | B94: Aghadrumsee Primary School, Roslea | C94: 0 | D94: 0 | E94: 31
A95: 2011879 | B95: Newtownbutler Primary School | C95: 0 | D95: 0 | E95: 30
A96: 2011881 | B96: Florencecourt Primary School | C96: 0 | D96: 0 | E96: 140
A97: 2011893 | B97: Ballinamallard Primary School | C97: 11 | D97: 0.071895425 | E97: 153
A98: 2011894 | B98: Brookeborough Primary School | C98: 0 | D98: 0 | E98: 64
A99: 2011899 | B99: Derrygonnelly Primary School | C99: 0 | D99: 0 | E99: 57
A100: 2012052 | B100: Culmore Primary School | C100: 0 | D100: 0 | E100: 55
... A102: 2012227 | B102: Drumahoe Primary School | C102: 6 | D102: 0.02166065 | E102: 277
A103: 2012245 | B103: Eglinton Primary School | C103: * | D103: * | E103: 204
A104: 2012261 | B104: Newbuildings Primary School | C104: 0 | D104: 0 | E104: 183
A105: 2012298 | B105: Ballykelly Primary School | C105: 17 | D105: 0.058020478 | E105: 293
A106: 2012344 | B106: McClintock Primary School, Seskinore | C106: 0 | D106: 0 | E106: 119
A107: 2012638 | B107: Edwards Primary School, Castlederg | C107: 0 | D107: 0 | E107: 249
A108: 2012641 | B108: Killen Primary School, Castlederg | C108: 10 | D108: 0.071428571 | E108: 140
A109: 2012648 | B109: Gillygooley Primary School, Omagh | C109: 0 | D109: 0 | E109: 19
...
